,Product Name,Product Price,Product Size,Product Price Per Unit,Servings Per Container ,Calories ,Total Fat ,Saturated Fat ,Cholesterol ,Sodium ,Total Carbohydrate ,Dietary Fiber ,Protein ,Vitamin A ,Vitamin C ,Calcium ,Iron 
14,Coborn's Caraway Rye Bread,2.99,1.0 ,2.99,12.0,100.0,1.0,0.0,0.0,210.0,19.0,2.0,3.0,0.0,8.0,2.0,6.0
20,Coborn's Own Round Sourdough Bread,3.49,1.0 ,3.49,9.0,140.0,2.0,0.5,0.0,280.0,24.0,2.0,6.0,0.0,6.0,4.0,8.0
40,Coborns Cornbread,3.99,1.0 ,3.99,8.0,200.0,9.0,1.5,40.0,580.0,27.0,1.0,3.0,0.0,0.0,0.0,8.0
68,Coborns Short French Bread,2.49,1.0 ,2.49,8.0,140.0,1.0,0.0,0.0,270.0,28.0,1.0,5.0,0.0,0.0,0.0,2.0
70,Coborns/CashWise Fresh Home Style White Bread,2.49,1.0 ,2.49,9.0,140.0,1.5,0.0,0.0,210.0,26.0,1.0,5.0,0.0,2.0,2.0,2.0
72,Coborns/CashWise Own Whole Wheat Bread,2.99,1 ,2.99,12.0,120.0,3.5,1.0,5.0,190.0,17.0,2.0,4.0,0.0,8.0,8.0,6.0
100,Fresh Coborn's/CashWise Pumpernickel Bread,2.99,1.0 ,2.99,12.0,100.0,1.0,0.0,0.0,220.0,18.0,1.0,4.0,0.0,0.0,0.0,4.0
188,Rubschlager Cocktail Pumpernickel Bread,2.99,1.0 ,2.99,9.0,130.0,1.5,0.0,0.0,340.0,24.0,2.0,4.0,0.0,0.0,6.0,6.0
189,Rubschlager Cocktail Rye Bread,2.99,1.0 ,2.99,15.0,80.0,1.5,0.0,0.0,180.0,14.0,2.0,3.0,0.0,0.0,6.0,4.0
229,Country Hearth 100% Whole Wheat Bread,3.99,1.5,2.00,24.0,70.0,1.0,0.0,0.0,160.0,13.0,2.0,3.0,0.0,0.0,4.0,2.0
231,Country Hearth 100% Whole Wheat Wide Bread,4.19,1.5 ,2.10,20.0,80.0,1.5,0.0,0.0,190.0,15.0,2.0,4.0,0.0,0.0,4.0,4.0
232,Country Hearth Cinnamon Raisin Bread,3.79,1.5 ,1.90,17.0,120.0,1.5,0.0,0.0,150.0,24.0,2.0,3.0,0.0,0.0,4.0,8.0
233,Country Hearth Cracked Wheat Bread,3.99,1.5 ,2.00,24.0,70.0,0.5,0.0,0.0,150.0,15.0,1.0,3.0,0.0,0.0,4.0,6.0
234,Country Hearth Dakota Style 12-Grain Bread,4.19,1.5 ,2.10,20.0,90.0,2.0,0.5,0.0,170.0,14.0,2.0,3.0,0.0,0.0,2.0,2.0
235,Country Hearth English Muffin Toasting Bread,3.59,1.0 ,3.59,16.0,70.0,1.0,0.0,0.0,120.0,13.0,1.0,3.0,0.0,0.0,4.0,4.0
236,Country Hearth Kids' Choice White Bread,3.49,1.5 ,1.75,24.0,70.0,0.5,0.0,0.0,120.0,14.0,2.0,2.0,0.0,0.0,20.0,0.0
237,Country Hearth Kids' Choice White Bread with Whole Grain,3.49,1.5,1.75,12.0,130.0,1.5,0.0,0.0,240.0,28.0,4.0,5.0,0.0,0.0,0.0,10.0
238,Country Hearth Split Butter White Bread,3.69,1.5 ,1.84,24.0,70.0,1.0,0.0,0.0,140.0,15.0,1.0,2.0,0.0,0.0,4.0,4.0
239,Country Hearth Split Top Wheat Bread,3.99,1.5 ,2.00,24.0,70.0,1.0,0.0,0.0,150.0,14.0,1.0,3.0,0.0,0.0,4.0,6.0
245,Food Club 12 Grain Bread,2.99,1.5 ,1.50,20.0,100.0,1.5,0.0,0.0,190.0,18.0,1.0,3.0,0.0,0.0,4.0,6.0
246,Food Club Old Fashioned Split Top Wheat Bread,1.99,1.5 ,0.99,24.0,70.0,1.0,0.0,0.0,150.0,14.0,1.0,3.0,0.0,0.0,4.0,4.0
257,New England Brown Bread,4.19,1.5 ,2.10,20.0,90.0,1.0,0.0,0.0,190.0,18.0,2.0,3.0,0.0,0.0,2.0,2.0
336,Village Hearth Cottage Bread,1.9,1.5 ,0.95,20.0,80.0,1.0,0.0,0.0,180.0,15.0,1.0,3.0,0.0,0.0,2.0,2.0
341,Village Hearth Light 12 Grain Bread,3.99,1.0 ,3.99,10.0,90.0,1.0,0.0,0.0,220.0,17.0,4.0,5.0,0.0,0.0,4.0,4.0
344,Village Hearth Light Italian White Bread,3.99,1.0 ,3.99,10.0,90.0,1.0,0.0,0.0,200.0,20.0,4.0,4.0,0.0,0.0,4.0,6.0
345,Village Hearth Light Wheat Bread,3.99,1.0 ,3.99,10.0,90.0,1.0,0.0,0.0,220.0,20.0,6.0,5.0,0.0,0.0,4.0,8.0
361,Village Hearth Wheat Cottage Bread,1.9,1.5 ,0.95,20.0,80.0,1.0,0.0,0.0,180.0,15.0,1.0,3.0,0.0,0.0,2.0,2.0
840,Bongards American Cheese - 72 ct.- Not Individually Wrapped,12.49,3.0 ,4.16,72.0,70.0,6.0,3.5,15.0,280.0,1.0,0.0,3.0,4.0,0.0,10.0,0.0
866,Food Club Processed American Cheese - 72 ct. **Not individually wrapped**,9.99,3 ,3.33,72.0,70.0,6.0,0.0,20.0,330.0,1.0,0.0,3.0,4.0,0.0,10.0,0.0
875,Resers Fine Foods Original Potato Salad 48oz,7.79,3.0 ,2.60,10.0,220.0,12.0,2.0,10.0,540.0,28.0,3.0,2.0,2.0,15.0,0.0,6.0
884,At Last Gourmet Clam Chowder Soup - Frozen,15.99,4.0 ,4.00,8.0,180.0,10.0,6.0,55.0,930.0,17.0,1.0,13.0,6.0,8.0,20.0,10.0
885,At Last Gourmet Idaho Baked Potato with Bacon Soup - Frozen,13.99,4.0 ,3.50,8.0,230.0,16.0,8.0,45.0,420.0,23.0,3.0,4.0,0.0,35.0,2.0,6.0
886,At Last Gourmet Minestrone Soup - Frozen,11.99,4.0 ,3.00,8.0,80.0,1.0,0.0,0.0,930.0,17.0,2.0,3.0,30.0,10.0,4.0,6.0
887,At Last Gourmet Tomato Basil Soup - Frozen,12.99,4 ,3.25,8.0,120.0,4.0,2.5,15.0,970.0,20.0,1.0,2.0,25.0,30.0,6.0,6.0
888,At Last Gourmet White Chicken Chili with Beans Soup - Frozen,15.99,4 ,4.00,8.0,280.0,11.0,3.0,85.0,470.0,20.0,5.0,23.0,2.0,16.0,4.0,10.0
890,Coborn's Smokey Baked Beans - Party Size - 8 Lb.,24.99,8.0 ,3.12,28.0,200.0,1.5,0.5,0.0,650.0,40.0,4.0,5.0,0.0,4.0,6.0,8.0
891,Coborns Chicken Noodle Soup - Frozen,12.99,4.0 ,3.25,8.0,90.0,2.0,0.5,25.0,1020.0,14.0,1.0,5.0,45.0,2.0,2.0,4.0
892,Coborns Chicken Salad - Party Size - 8 Lb.,39.99,8.0 ,5.00,31.0,430.0,39.0,0.0,55.0,580.0,4.0,0.0,17.0,2.0,0.0,0.0,4.0
893,Coborns Chili Con Carne with Beans - Frozen,16.99,4.0 ,4.25,7.0,250.0,10.0,3.5,45.0,1050.0,17.0,5.0,19.0,15.0,25.0,8.0,20.0
894,Coborns Creamy Cole Slaw - Party Size - 8 lb.,19.99,8.0 ,2.50,45.0,110.0,4.0,0.0,5.0,320.0,18.0,0.0,1.0,4.0,25.0,2.0,0.0
895,Coborns Robust Pasta Salad - Party Size - 8 Lb.,29.99,8.0 ,3.75,25.0,290.0,17.0,0.0,5.0,1070.0,28.0,0.0,6.0,6.0,40.0,8.0,8.0
896,Coborns Sloppy Joe Mix - Party Size - Frozen,23.0,4.0 ,5.75,11.0,310.0,16.0,6.0,80.0,680.0,15.0,1.0,25.0,6.0,4.0,4.0,15.0
897,Coborns Taco Meat Filling - Party Size - Frozen,19.99,4 ,5.00,31.0,90.0,5.0,2.0,25.0,370.0,2.0,1.0,8.0,6.0,4.0,0.0,6.0
898,Coborns Wild Rice Soup with Chicken - Frozen,18.99,4.0 ,4.75,8.0,150.0,6.0,1.5,10.0,990.0,17.0,1.0,5.0,35.0,0.0,2.0,0.0
899,Midwest Pride Beer Cheese Soup,12.99,4 ,3.25,7.0,370.0,26.0,17.0,75.0,1630.0,14.0,0.0,18.0,25.0,0.0,50.0,0.0
918,Lynden Farms Tater Tots,3.03,2.0 ,1.51,11.0,170.0,10.0,2.5,0.0,340.0,19.0,3.0,2.0,0.0,0.0,8.0,2.0
936,Black Forest Gummy Bears,6.43,2.25 ,3.21,21.0,130.0,0.0,0.0,0.0,20.0,29.0,0.0,2.0,2.0,0.0,0.0,0.0
953,Crystal Granulated Sugar,8.49,10 ,0.85,1134.0,15.0,0.0,0.0,0.0,0.0,4.0,0.0,0.0,0.0,0.0,0.0,0.0
966,Food Club All Purpose Flour,4.79,10 ,0.48,151.0,110.0,0.0,0.0,0.0,0.0,22.0,1.0,3.0,0.0,0.0,0.0,6.0
973,Food Club Granulated Sugar,5.89,10 ,0.59,1134.0,15.0,0.0,0.0,0.0,0.0,4.0,0.0,0.0,0.0,0.0,0.0,0.0
1106,Red Vines Original Red Twists,12.99,5.50,2.17,62.0,140.0,0.0,0.0,0.0,20.0,34.0,0.0,1.0,0.0,0.0,0.0,0.0
1131,Sysco Classic Chocolate Pudding - 7 Lb.,6.99,7 ,1.00,24.0,130.0,3.0,2.5,0.0,190.0,26.0,1.0,1.0,0.0,0.0,2.0,4.0
1147,Apperts Frozen Ground Beef Burger Patties - 21 ct.,34.99,7.0 ,5.00,21.0,380.0,30.0,11.0,105.0,100.0,0.0,0.0,25.0,0.0,0.0,2.0,15.0
1148,Armour Original Frozen Meatballs,15.99,4 ,4.00,21.0,300.0,26.0,10.0,25.0,690.0,7.0,1.0,11.0,0.0,0.0,4.0,6.0
1150,Buckley Farms Corned Beef Brisket - 3 lb. avg.,20.49,3 ,6.83,999.0,270.0,25.0,10.0,70.0,990.0,0.0,0.0,12.0,0.0,0.0,0.0,6.0
1152,Four Brothers/Cash Wise Signature Hickory Smoked Sliced Bacon - 2 lb.,12.89,2 ,6.45,16.0,270.0,27.0,10.0,35.0,280.0,1.0,0.0,5.0,0.0,0.0,0.0,0.0
1153,Gold'n Plump Bone-in Split Chicken Breast with Ribs - Value Pack,7.49,2 ,3.75,7.0,180.0,10.0,2.5,80.0,60.0,0.0,0.0,23.0,0.0,0.0,0.0,4.0
1155,Gold'n Plump Boneless Skinless Chicken Thighs - Family Value Pack,13.99,3.35,4.66,14.0,160.0,9.0,3.0,100.0,90.0,0.0,0.0,21.0,0.0,0.0,0.0,6.0
1156,Gold'n Plump Chicken Drumsticks - Value Pack,7.99,3.5 ,2.00,10.0,160.0,8.0,2.5,105.0,95.0,0.0,0.0,20.0,0.0,0.0,0.0,6.0
1157,Gold'n Plump Chicken Thighs - Family Value Pack,7.99,3.5 ,2.00,11.0,270.0,18.0,6.0,100.0,75.0,0.0,0.0,18.0,0.0,0.0,0.0,4.0
1158,Gold'n Plump Chicken Wings - Value Pack,9.99,3.25 ,3.33,9.0,220.0,16.0,5.0,140.0,85.0,0.0,0.0,19.0,0.0,0.0,0.0,4.0
1159,Hereford Ground Beef 80% Lean - 3 lb.,13.49,3 ,4.50,12.0,280.0,22.0,9.0,80.0,75.0,0.0,0.0,19.0,0.0,0.0,2.0,10.0
1160,Hereford Ground Beef 85% Lean - 3 lb.,16.78,3 ,5.59,12.0,240.0,17.0,6.0,75.0,75.0,0.0,0.0,21.0,0.0,0.0,2.0,15.0
1161,Hereford Ground Beef 93% Lean - 3 lb.,19.49,3 ,6.50,12.0,170.0,8.0,4.0,70.0,75.0,0.0,0.0,23.0,0.0,0.0,2.0,15.0
1163,IBP USDA 80% Lean Ground Beef - 3 lb.,10.49,3.0 ,3.50,12.0,280.0,23.0,9.0,85.0,70.0,0.0,0.0,20.0,0.0,0.0,0.0,10.0
1164,IBP USDA 85% Lean Ground Beef - 3 lb.,15.99,3.0 ,5.33,12.0,230.0,16.0,7.0,70.0,75.0,0.0,0.0,22.0,0.0,0.0,0.0,10.0
1165,Coborn's Bacon Cheddar Burger Patties - 3 ct.,6.59,1 ,6.59,3.0,380.0,28.0,13.0,105.0,570.0,1.0,0.0,29.0,4.0,0.0,15.0,15.0
1166,Coborn's Black & Blue Burger Patties - 3 ct.,6.59,1 ,6.59,3.0,350.0,24.0,11.0,90.0,380.0,4.0,1.0,28.0,2.0,0.0,15.0,15.0
1167,Coborn's Jalapeno Cheddar Burger Patties - 3 ct.,6.59,1 ,6.59,3.0,350.0,26.0,12.0,100.0,600.0,1.0,0.0,27.0,8.0,0.0,15.0,15.0
1168,Coborn's Mushroom Swiss Burger Patties - 3 ct.,6.59,1 ,6.59,3.0,340.0,24.0,11.0,90.0,400.0,1.0,0.0,27.0,4.0,0.0,15.0,15.0
1169,Coborn's Plain Ground Beef Burger Patties - 3 ct.,6.59,1 ,6.59,3.0,340.0,24.0,10.0,100.0,90.0,0.0,0.0,28.0,0.0,0.0,0.0,15.0
1170,Coborns Signature Rotisserie Chicken,8.99,2 ,4.50,999.0,160.0,10.0,3.0,75.0,1470.0,1.0,0.0,19.0,2.0,8.0,0.0,4.0
1177,Hormel Cure 81 Half Ham - Approx. 2.5 Lb.,16.99,2.5 ,5.66,999.0,100.0,3.5,1.5,35.0,790.0,2.0,2.0,14.0,0.0,0.0,0.0,2.0
1178,Hormel Cure 81 Spiral Sliced Bone-In Half Ham - Approx. 8 Lbs.,37.49,8 ,4.69,1.0,140.0,8.0,3.0,50.0,930.0,2.0,0.0,15.0,0.0,0.0,0.0,0.0
1201,Boulder Angus Beef Burger Patties - 6 ct.,10.99,2 ,5.50,6.0,430.0,35.0,14.0,100.0,80.0,0.0,0.0,27.0,0.0,0.0,2.0,15.0
1202,Boulder Bacon & Cheddar Angus Beef Burger Patties - 6 ct.,10.99,2 ,5.50,6.0,460.0,37.0,17.0,110.0,660.0,2.0,0.0,28.0,4.0,0.0,15.0,10.0
1203,Boulder Vidalia Onion Angus Beef Burger Patties - 6 ct.,10.99,2 ,5.50,6.0,360.0,28.0,11.0,90.0,420.0,3.0,1.0,23.0,0.0,2.0,2.0,15.0
1209,Buckley Farms IQF Boneless Skinless Chicken Breasts,9.99,2.5 ,3.33,10.0,110.0,2.5,1.0,65.0,360.0,0.0,0.0,22.0,0.0,0.0,0.0,4.0
1218,Butterball 10-12 lb. Hen Turkey Frozen,25.99,10 ,2.60,30.0,170.0,10.0,3.5,70.0,320.0,0.0,0.0,20.0,0.0,0.0,0.0,0.0
1219,Butterball 20-22 lb. Tom Turkey Frozen,41.99,20 ,2.10,999.0,170.0,10.0,3.5,70.0,320.0,0.0,0.0,20.0,0.0,0.0,0.0,0.0
1220,Butterball 3 lb. Boneless Turkey Breast Roast,14.99,3 ,5.00,10.8,110.0,3.0,1.0,45.0,500.0,1.0,0.0,21.0,0.0,0.0,0.0,4.0
1280,Coborns Smoked Whole Turkey - 9 lb Avg.,37.99,10 ,3.80,999.0,140.0,6.0,2.0,65.0,1000.0,1.0,0.0,17.0,4.0,0.0,0.0,8.0
1289,Coborns/CashWise Signature Ham Steaks,4.69,1 ,4.69,999.0,90.0,3.5,1.0,45.0,770.0,1.0,0.0,13.0,0.0,0.0,0.0,4.0
1293,Coborns/Cashwise Buttermilk Ground Pork Sausage,4.99,1 ,4.99,6.0,210.0,17.0,6.0,45.0,550.0,1.0,0.0,11.0,6.0,0.0,0.0,6.0
1294,Coborns/Cashwise Hot Italian Sausage Tray,4.99,1.0 ,4.99,6.0,190.0,16.0,5.0,45.0,560.0,3.0,0.0,9.0,2.0,0.0,2.0,4.0
1295,Coborns/Cashwise Mild Italian Sausage Tray,4.99,1.0 ,4.99,6.0,210.0,18.0,0.0,45.0,430.0,0.0,0.0,11.0,0.0,0.0,0.0,4.0
1296,Coborns/Cashwise Old Fashioned Ground Pork,4.99,1.0 ,4.99,4.0,350.0,32.0,11.0,85.0,600.0,1.0,0.0,17.0,0.0,0.0,2.0,6.0
1297,Coborns/Cashwise Old Fashioned Pork Sausage Tray,4.99,1 ,4.99,6.0,210.0,17.0,0.0,45.0,540.0,0.0,0.0,11.0,0.0,0.0,0.0,2.0
1307,Farmland 1/2 Ham & Water 95% Fat Free,9.83,2.5 ,3.28,13.0,120.0,6.0,2.0,35.0,1170.0,7.0,0.0,9.0,0.0,0.0,0.0,0.0
1308,Farmland Boneless Ham 95% Fat Free,17.19,4 ,4.30,27.0,120.0,6.0,2.0,35.0,1170.0,7.0,0.0,9.0,0.0,0.0,0.0,0.0
1312,Farmland Thick Sliced Hickory Smoked Bacon,8.13,1 ,8.13,12.0,70.0,6.0,2.5,10.0,230.0,0.0,0.0,3.0,0.0,0.0,0.0,0.0
1316,"Four Brothers 1/2 Ham Smoked And Fully Cooked - Approx- 7.5 lbs.
****Quick Sale Item - Price Guaranteed for Next-Day Delivery Only****",11.96,7.5 ,1.50,999.0,110.0,4.0,1.5,45.0,800.0,2.0,0.0,16.0,0.0,0.0,0.0,4.0
1317,Four Brothers 1/2 Ham Spiral Cut - 7.5 lb Avg.,34.99,7.5 ,4.37,999.0,110.0,4.0,1.5,45.0,800.0,2.0,0.0,16.0,0.0,0.0,0.0,4.0
1325,Gold'n Plump Bacon Cheddar Chicken Burger Patties - 6 ct.,8.99,2 ,4.50,6.0,280.0,17.0,6.0,135.0,580.0,0.0,0.0,31.0,2.0,0.0,8.0,6.0
1329,Gold'n Plump Boneless Skinless Chicken Thighs,7.49,1.75 ,3.75,7.0,160.0,9.0,3.0,100.0,90.0,0.0,0.0,21.0,0.0,0.0,0.0,6.0
1332,Gold'n Plump Boneless/Skinless Individually Quick Frozen Split Chicken Breasts,8.99,2 ,4.50,9.0,100.0,1.0,0.0,55.0,290.0,0.0,0.0,21.0,0.0,0.0,0.0,4.0
1333,Gold'n Plump Chicken Burger Patties - 6 ct.,8.99,2 ,4.50,6.0,230.0,13.0,4.0,155.0,470.0,0.0,0.0,28.0,0.0,0.0,0.0,6.0
1335,Gold'n Plump Chicken Leg Quarters,6.99,4.50 ,1.40,14.0,260.0,18.0,6.0,100.0,80.0,0.0,0.0,17.0,0.0,0.0,0.0,4.0
1338,Gold'n Plump Cut Up 8-Piece Chicken,5.49,3.25 ,1.83,10.0,210.0,13.0,4.0,90.0,70.0,0.0,0.0,22.0,0.0,0.0,0.0,0.0
1343,Gold'n Plump Mushroom Swiss Chicken Burger Patties - 6 ct.,8.99,2 ,4.50,6.0,260.0,15.0,6.0,125.0,570.0,3.0,0.0,28.0,20.0,4.0,10.0,6.0
1345,Gold'n Plump Whole Chicken - Lemon with Cracked Pepper,7.99,3.25 ,2.66,10.0,200.0,15.0,4.5,85.0,620.0,1.0,0.0,16.0,0.0,0.0,2.0,2.0
1346,Gold'n Plump Whole Chicken Fryer,7.99,3.5 ,2.00,6.0,190.0,11.0,3.5,90.0,60.0,0.0,0.0,21.0,0.0,0.0,0.0,0.0
1350,Hereford Ground Beef 80% Lean - 1 lb.,4.59,1 ,4.59,4.0,280.0,22.0,9.0,80.0,75.0,0.0,0.0,19.0,0.0,0.0,2.0,10.0
1351,Hereford Ground Beef 80% Lean - 1.5 lb.,6.79,1.50 ,3.40,6.0,280.0,22.0,9.0,80.0,75.0,0.0,0.0,19.0,0.0,0.0,2.0,10.0
1352,Hereford Ground Beef 85% Lean - 1 lb.,5.69,1 ,5.69,4.0,240.0,17.0,6.0,75.0,75.0,0.0,0.0,21.0,0.0,0.0,2.0,15.0
1353,Hereford Ground Beef 85% Lean - 1.5 lb.,8.49,1.50 ,4.25,6.0,240.0,17.0,6.0,75.0,75.0,0.0,0.0,21.0,0.0,0.0,2.0,15.0
1354,Hereford Ground Beef 93% Lean - 1 lb.,6.59,1 ,6.59,4.0,170.0,8.0,4.0,70.0,75.0,0.0,0.0,23.0,0.0,0.0,2.0,15.0
1355,Hereford Ground Beef 93% Lean - 1.5 lb.,9.79,1.50 ,4.89,6.0,170.0,8.0,4.0,70.0,75.0,0.0,0.0,23.0,0.0,0.0,2.0,15.0
1367,Hormel Always Tender Apple Bourbon Pork Tenderloin,10.69,1.15 ,10.69,4.5,140.0,4.5,1.5,50.0,500.0,5.0,0.0,19.0,0.0,0.0,0.0,4.0
1368,Hormel Always Tender Country Shoulder Pork Roast,9.99,1.5 ,5.00,6.0,170.0,10.0,4.0,60.0,390.0,2.0,0.0,18.0,0.0,0.0,0.0,4.0
1369,Hormel Always Tender Honey Mustard Pork Loin Filet,10.99,1.5 ,5.50,1.0,140.0,5.0,0.0,45.0,510.0,4.0,0.0,0.0,0.0,0.0,0.0,4.0
1370,Hormel Always Tender Lemon Garlic Pork Loin Filet,10.99,1.5 ,5.50,1.0,130.0,5.0,2.0,45.0,690.0,2.0,0.0,19.0,0.0,2.0,0.0,2.0
1371,Hormel Always Tender Onion And Garlic Pork Roast,9.99,1.5 ,5.00,999.0,180.0,11.0,4.5,60.0,550.0,2.0,0.0,19.0,0.0,0.0,0.0,4.0
1372,Hormel Always Tender Pork Loin Filet,10.99,1.5 ,5.50,1.0,140.0,5.0,2.0,45.0,400.0,1.0,0.0,19.0,0.0,2.0,0.0,2.0
1373,Hormel Always Tender Pork Tenderloin,10.69,1.15 ,10.69,4.5,120.0,4.0,1.5,50.0,400.0,1.0,0.0,19.0,0.0,0.0,0.0,2.0
1374,Hormel Always Tender Teriyaki Pork Tenderloin,10.69,1.15 ,10.69,1.0,140.0,4.0,1.5,50.0,400.0,5.0,0.0,20.0,0.0,0.0,0.0,4.0
1413,IBP USDA 80% Lean Ground Beef - 1 lb.,3.59,1.0 ,3.59,4.0,280.0,23.0,9.0,86.0,70.0,0.0,0.0,20.0,0.0,0.0,0.0,10.0
1414,IBP USDA 85% Lean Ground Beef - 1 lb,5.49,1.0 ,5.49,4.0,230.0,16.0,7.0,70.0,75.0,0.0,0.0,22.0,0.0,0.0,0.0,10.0
1415,IBP USDA 93% Lean Ground Beef - 1 lb.,5.99,1.0 ,5.99,4.0,160.0,8.0,3.0,70.0,85.0,0.0,0.0,22.0,0.0,0.0,0.0,10.0
1416,IBP USDA 93% Lean Ground Beef - 3 lb.,17.69,3.0 ,5.90,12.0,160.0,8.0,3.0,70.0,85.0,0.0,0.0,22.0,0.0,0.0,0.0,15.0
1417,Jennie - O Turkey Burgers - 6 ct.,9.59,2 ,4.79,6.0,250.0,17.0,5.0,110.0,240.0,1.0,0.0,22.0,2.0,4.0,4.0,10.0
1426,Jennie-O Turkey Store Boneless Turkey Breast Tenderloins,7.99,1.25 ,7.99,4.0,120.0,1.5,0.5,50.0,75.0,0.0,0.0,26.0,0.0,0.0,0.0,4.0
1428,Jennie-O or Honeysuckle Turkey Breast Frozen 6lb. Average,12.07,6 ,2.01,31.0,126.0,3.0,1.0,42.0,397.0,0.0,0.0,22.0,0.0,0.0,1.0,4.0
1445,Johnsonville Party Pack Bratwurst - 12 ct.,15.29,3.0 ,5.10,12.0,300.0,25.0,9.0,65.0,800.0,2.0,0.0,14.0,0.0,0.0,0.0,0.0
1463,Just Bare Young Whole Chicken,9.49,3.65 ,2.37,6.0,190.0,11.0,3.5,90.0,60.0,0.0,0.0,21.0,0.0,0.0,0.0,0.0
1472,Lloyds Baby Back Pork Ribs with BBQ Sauce - 2.34 LB,21.89,2.5 ,7.30,4.0,350.0,22.0,8.0,90.0,940.0,15.0,0.0,22.0,4.0,0.0,6.0,10.0
1484,Natural Pork Tenderloin,6.99,1.15 ,6.99,999.0,120.0,2.0,0.5,65.0,60.0,0.0,0.0,25.0,0.0,0.0,0.0,6.0
1493,No Name Roasted Peppers Onions & Mozzarella Beef Steak Burgers - 6 ct.,10.99,1.69 ,5.50,6.0,280.0,22.0,9.0,75.0,260.0,1.0,0.0,18.0,4.0,0.0,10.0,10.0
1591,Strauss Fresh Veal Leg Slices,8.99,1.0 ,8.99,4.0,121.0,1.9,0.6,88.5,72.5,0.0,0.0,24.1,0.0,0.0,0.0,5.0
1603,Turkey Store Premium Fresh Lean Turkey Patties,5.59,1.0 ,5.59,4.0,160.0,8.0,2.0,70.0,80.0,0.0,0.0,23.0,0.0,0.0,4.0,6.0
1604,Turkey Store Premium Fresh Seasoned Lean Turkey Burger Patties - 4 ct.,5.59,1.0 ,5.59,4.0,160.0,8.0,2.0,75.0,550.0,1.0,0.0,22.0,0.0,0.0,2.0,4.0
1608,WOW! Burgers Frozen 1/3 lb. Ground Chuck Burger Patties - 6 ct.,11.99,2,6.00,6.0,250.0,14.0,0.0,100.0,115.0,0.0,0.0,29.0,0.0,0.0,0.0,20.0
1609,WOW! Burgers Frozen 1/4-lb. Ground Chuck Patties - 8 ct.,11.99,2,6.00,8.0,190.0,11.0,4.0,75.0,85.0,0.0,0.0,22.0,0.0,0.0,0.0,15.0
2411,Bongards Premium Natural Cheddar Cheese,5.99,1.00 ,5.99,16.0,110.0,9.0,5.0,30.0,190.0,1.0,0.0,6.0,10.0,0.0,15.0,0.0
2412,Bongards Premium Natural Colby Cheese,5.99,1.00 ,5.99,16.0,110.0,9.0,6.0,25.0,170.0,1.0,0.0,7.0,8.0,0.0,15.0,0.0
2413,Bongards Premium Natural Marble Jack Cheese,5.99,1.00 ,5.99,16.0,110.0,9.0,5.0,30.0,170.0,1.0,0.0,7.0,8.0,0.0,15.0,0.0
2414,Bongards Premium Natural Monterey Jack Cheese,5.99,1.00 ,5.99,16.0,110.0,9.0,5.0,25.0,170.0,0.0,0.0,7.0,6.0,0.0,15.0,0.0
2415,Bongards Premium Natural Pepper Jack Cheese,5.99,1.00 ,5.99,16.0,110.0,9.0,5.0,25.0,190.0,0.0,0.0,7.0,6.0,0.0,15.0,0.0
2416,Bongards Premium Natural Sharp Cheddar Cheese,5.99,1.00 ,5.99,16.0,110.0,9.0,5.0,30.0,180.0,0.0,0.0,7.0,10.0,0.0,15.0,0.0
2417,Bongards Premium Natural White Cheddar Cheese,5.99,1.00 ,5.99,16.0,110.0,9.0,5.0,30.0,190.0,1.0,0.0,6.0,10.0,0.0,15.0,0.0
2474,Crystal Farms Butter - 4 Quarters,5.29,1.0 ,5.29,32.0,100.0,11.0,7.0,30.0,90.0,0.0,0.0,0.0,8.0,0.0,0.0,0.0
2553,Crystal Farms Unsalted Butter - 4 Quarters,5.29,1.0 ,5.29,32.0,100.0,11.0,7.0,30.0,0.0,0.0,0.0,0.0,8.0,0.0,0.0,0.0
2757,Food Club Sweet Cream Salted Butter Quarters - 4 Quarters,3.85,1 ,3.85,32.0,100.0,11.0,0.0,30.0,95.0,0.0,0.0,0.0,8.0,0.0,0.0,0.0
2758,Food Club Unsalted Butter - Quarters - 4 ct.,3.85,1 ,3.85,32.0,100.0,11.0,7.0,30.0,0.0,0.0,0.0,0.0,8.0,0.0,0.0,0.0
2914,Coborn's Chocolate Mousse,5.99,1 ,5.99,999.0,150.0,7.0,3.5,15.0,290.0,18.0,0.0,5.0,4.0,2.0,15.0,2.0
2915,Coborn's Krunchy Detox Salad,5.99,1.0 ,5.99,1.0,170.0,11.0,1.5,5.0,160.0,15.0,2.0,2.0,70.0,70.0,4.0,2.0
2916,Coborn's Lite Garden Vegetable Pasta Salad,5.49,1 ,5.49,999.0,120.0,2.0,0.0,0.0,640.0,21.0,2.0,3.0,6.0,15.0,2.0,4.0
2917,Coborn's Mediterranean Bow Tie Pasta Salad,5.99,1 ,5.99,999.0,230.0,12.0,2.0,0.0,160.0,28.0,1.0,4.0,10.0,40.0,2.0,6.0
2918,Coborn's Texas Caviar,5.99,1 ,5.99,999.0,110.0,4.5,1.0,0.0,280.0,16.0,2.0,2.0,6.0,25.0,2.0,4.0
2919,Coborn's Tuna Seashell Salad,3.99,1 ,3.99,999.0,390.0,32.0,7.0,50.0,400.0,20.0,1.0,8.0,6.0,2.0,10.0,4.0
2920,Coborns Chicken Salad,7.99,1 ,7.99,999.0,430.0,39.0,0.0,55.0,580.0,4.0,0.0,17.0,2.0,0.0,0.0,4.0
2921,Coborns Creamy Cole Slaw,3.89,1 ,3.89,999.0,110.0,4.0,0.0,5.0,320.0,18.0,0.0,1.0,4.0,25.0,2.0,0.0
2923,Coborns Deluxe Potato Salad,4.89,1.0 ,4.89,4.0,170.0,8.0,0.0,75.0,500.0,28.0,0.0,5.0,4.0,20.0,2.0,4.0
2925,Coborns Fat Free 4 Bean Salad,4.89,1 ,4.89,999.0,70.0,0.0,0.0,0.0,520.0,15.0,0.0,1.0,2.0,6.0,0.0,6.0
2926,Coborns Garlic Potato Salad,4.89,1 ,4.89,999.0,290.0,21.0,0.0,20.0,780.0,28.0,0.0,4.0,4.0,25.0,4.0,4.0
2928,Coborns Homemade Style Coleslaw,4.89,1.0 ,4.89,6.0,130.0,8.0,0.0,5.0,230.0,13.0,0.0,1.0,15.0,25.0,2.0,2.0
2929,Coborns Homestyle Potato Salad,4.89,1.0 ,4.89,4.0,170.0,7.0,0.0,25.0,530.0,28.0,0.0,3.0,0.0,20.0,0.0,4.0
2930,Coborns Macaroni Salad,3.59,1.0 ,3.59,4.0,330.0,19.0,0.0,35.0,630.0,34.0,0.0,4.0,20.0,15.0,0.0,6.0
2931,Coborns Mock Crab Salad,6.99,1 ,6.99,999.0,160.0,11.0,0.0,35.0,550.0,10.0,0.0,5.0,4.0,0.0,6.0,0.0
2932,Coborns Penne Pasta With Tomato,5.99,1 ,5.99,999.0,280.0,16.0,0.0,5.0,1230.0,30.0,0.0,7.0,20.0,20.0,8.0,15.0
2933,Coborns Robust Pasta Salad,4.99,1 ,4.99,999.0,290.0,17.0,0.0,5.0,1070.0,28.0,0.0,6.0,6.0,40.0,8.0,8.0
3148,Apples - Braeburn - 3 lb. Bag,4.99,3.0 ,1.66,999.0,80.0,0.0,0.0,0.0,0.0,22.0,5.0,0.0,2.0,8.0,0.0,2.0
3165,Bananas - 3 lb.,2.59,3 ,0.86,999.0,110.0,0.0,0.0,0.0,0.0,22.0,4.0,1.0,0.0,15.0,0.0,2.0
3171,Bolthouse Baby Peeled Carrots,1.99,1.0 ,1.99,999.0,35.0,0.0,0.0,0.0,40.0,8.0,5.0,0.0,270.0,10.0,2.0,0.0
3194,Clementine Mandarins 3 Lb.,7.99,3 ,2.66,10.0,50.0,0.5,0.0,0.0,0.0,15.0,3.0,1.0,0.0,50.0,4.0,0.0
3213,Driscoll Fresh Strawberries,3.49,1 ,3.49,999.0,45.0,0.0,0.0,0.0,0.0,12.0,4.0,1.0,0.0,160.0,2.0,4.0
3276,Fresh Green Giant Prime Size Idaho Russet Potatoes,3.49,5.0 ,0.70,999.0,110.0,0.0,0.0,0.0,0.0,26.0,2.0,3.0,0.0,45.0,2.0,6.0
3281,Fresh Navel Oranges - 4 Lb. Bag,7.99,4 ,2.00,999.0,70.0,0.0,0.0,0.0,0.0,21.0,7.0,1.0,2.0,130.0,6.0,2.0
3290,Fresh Yellow Onions - 2 lb bag,1.99,2 ,0.99,999.0,106.0,0.0,0.0,0.0,26.0,25.0,3.0,3.0,0.0,26.0,7.0,5.0
3303,Green Beans,3.89,1 ,3.89,999.0,25.0,0.0,0.0,0.0,0.0,5.0,3.0,1.0,4.0,10.0,4.0,2.0
3308,Harvest Club Fresh Red Potatoes - 5 lb Bag,3.59,5 ,0.72,999.0,100.0,0.0,0.0,0.0,0.0,26.0,3.0,4.0,0.0,45.0,2.0,6.0
3322,Little Potato Company Baby Boomer Yellow Potatoes,4.49,1.50 ,2.25,4.5,110.0,0.0,0.0,0.0,0.0,25.0,3.0,4.0,0.0,6.0,0.0,6.0
3323,Little Potato Company Blushing Belle Red Potatoes,4.49,1.50 ,2.25,4.5,90.0,0.0,0.0,0.0,0.0,19.0,3.0,2.0,0.0,10.0,2.0,6.0
3324,Little Potato Company Dynamic Duo Red and Yellow Potatoes,4.49,1.50 ,2.25,4.0,100.0,0.0,0.0,0.0,0.0,22.0,3.0,3.0,0.0,8.0,2.0,6.0
3325,Little Potato Company Terrific Trio Red/Yellow/Blue Potatoes,4.49,1.5 ,2.25,4.5,100.0,0.0,0.0,0.0,0.0,23.0,3.0,3.0,0.0,8.0,2.0,6.0
3339,Mini Cucumbers,4.59,1 ,4.59,6.0,10.0,0.0,0.0,0.0,0.0,4.0,1.0,1.0,0.0,6.0,2.0,0.0
3370,Organic Asparagus ***1 lb.***,5.99,1.0 ,5.99,999.0,25.0,0.0,0.0,0.0,0.0,4.0,2.0,2.0,10.0,15.0,2.0,2.0
3375,Organic Carrots - Cello Packaged,5.99,5 ,1.20,999.0,35.0,0.0,0.0,0.0,40.0,8.0,5.0,0.0,270.0,10.0,2.0,0.0
3391,Organic Peaches - 4 ct.,6.99,1.0 ,6.99,4.0,40.0,0.0,0.0,0.0,0.0,10.0,2.0,1.0,2.0,10.0,0.0,0.0
3399,Organic Valencia Oranges,8.99,4 ,2.25,999.0,70.0,0.0,0.0,0.0,0.0,21.0,7.0,1.0,2.0,130.0,6.0,2.0
3426,Potatoes - Yukon Gold 5 lb.,4.39,5.0 ,0.88,999.0,100.0,0.0,0.0,0.0,0.0,26.0,3.0,4.0,0.0,45.0,2.0,6.0
3447,The Little Potato Company Garlic Parsley Creamer Potatoes,4.99,1 ,4.99,4.0,70.0,0.0,0.0,0.0,340.0,15.0,2.0,2.0,0.0,8.0,0.0,4.0
3449,The Little Potato Company Savory Herb Creamer Potatoes,4.99,1 ,4.99,4.0,80.0,0.0,0.0,0.0,125.0,17.0,2.0,2.0,0.0,8.0,2.0,4.0
3458,Yellow Onions - 3 lb bag,3.59,3 ,1.20,999.0,106.0,0.0,0.0,0.0,26.0,25.0,3.0,3.0,0.0,26.0,7.0,5.0
4201,Land O Lakes Butter - 4 Quarters,5.23,1.0 ,5.23,32.0,100.0,11.0,7.0,30.0,95.0,0.0,0.0,0.0,8.0,0.0,0.0,0.0
4206,Land O Lakes Unsalted Butter - 4 Quarters,5.23,1.0 ,5.23,32.0,100.0,11.0,7.0,30.0,0.0,0.0,0.0,0.0,8.0,0.0,0.0,0.0
5015,Wyman's Of Maine Fresh Frozen Wild Blueberries,11.89,3 ,3.96,10.0,60.0,0.0,0.0,0.0,0.0,18.0,6.0,0.0,2.0,4.0,2.0,4.0
5016,Wymans of Maine Fresh Frozen Triple Berry Blend,11.89,3 ,3.96,10.0,70.0,0.0,0.0,0.0,0.0,18.0,5.0,1.0,0.0,16.0,2.0,6.0
5641,Xochitl Unsalted Corn Tortilla Chips,5.49,1 ,5.49,16.0,135.0,6.0,1.0,0.0,0.0,18.0,2.0,2.0,0.0,5.0,2.0,2.0
5673,Kraft Velveeta Cheese Loaf,6.37,1.0 ,6.37,1.0,80.0,5.0,3.5,15.0,410.0,3.0,0.0,4.0,6.0,0.0,20.0,0.0
5678,Land O Lakes Half Sticks Butter - 8 ct.,5.23,1 ,5.23,32.0,100.0,11.0,7.0,30.0,95.0,0.0,0.0,0.0,0.0,0.0,0.0,0.0
5775,Velveeta Cheese Loaf,7.99,2 ,4.00,32.0,80.0,6.0,3.5,20.0,410.0,3.0,0.0,5.0,6.0,0.0,20.0,0.0
5868,Full Circle Organic Sweet Cream Salted Butter - 4 quarters,6.79,1 ,6.79,32.0,100.0,11.0,7.0,30.0,90.0,0.0,0.0,0.0,8.0,0.0,0.0,0.0
5869,Full Circle Organic Sweet Cream Unsalted Butter - 4 quarters,6.79,1 ,6.79,32.0,100.0,11.0,7.0,30.0,0.0,0.0,0.0,0.0,8.0,0.0,0.0,0.0
6016,Melissas Fresh Egg Roll Wraps - 15 ct.,3.49,1.0 ,3.49,15.0,80.0,0.0,0.0,5.0,150.0,18.0,1.0,3.0,0.0,0.0,0.0,6.0
6017,Melissas Won Ton Wraps - 60 Sheets,2.89,1.0 ,2.89,15.0,80.0,1.0,1.0,5.0,170.0,16.0,1.0,3.0,0.0,0.0,0.0,6.0
6031,Lynden Farms Tater Rounds,3.03,2.0 ,1.51,11.0,160.0,8.0,2.0,0.0,170.0,19.0,3.0,2.0,0.0,8.0,2.0,4.0
6032,Lynden Farms Tater Triangles,3.03,2.0 ,1.51,11.0,140.0,7.0,1.5,0.0,290.0,17.0,2.0,1.0,0.0,6.0,0.0,2.0
6231,Classico Baked Ziti Dinner Kit,5.29,1.23 ,5.29,7.0,320.0,13.0,6.0,25.0,550.0,28.0,2.0,6.0,6.0,15.0,20.0,10.0
6232,Classico Chicken Parmigiana Dinner Kit,5.29,1.2 ,5.29,6.0,310.0,6.0,2.5,60.0,610.0,33.0,3.0,29.0,6.0,20.0,15.0,15.0
6268,Buckley Farms Chicken Wing Sections,8.99,2.50 ,3.00,7.0,220.0,16.0,1.5,75.0,300.0,0.0,0.0,18.0,0.0,0.0,0.0,4.0
6301,Simek's Meat & Sauce Lasagna,9.99,2.0 ,5.00,4.0,310.0,13.0,6.0,35.0,810.0,32.0,2.0,15.0,20.0,15.0,20.0,8.0
6302,Simek's Vegetable Lasagna,9.99,2.0 ,5.00,4.0,310.0,14.0,9.0,40.0,950.0,28.0,2.0,16.0,45.0,2.0,40.0,4.0
6512,Bob's Red Mill 100% Stone Ground Whole Wheat Flour,6.49,5.0 ,1.30,60.0,140.0,0.5,0.0,0.0,0.0,27.0,5.0,6.0,0.0,0.0,2.0,8.0
6551,Full Circle Organic Basmati Long Grain Brown Rice,5.99,2 ,3.00,20.0,170.0,1.0,0.0,0.0,0.0,37.0,3.0,4.0,0.0,0.0,0.0,0.0
6553,Full Circle Organic Brown Long Grain Rice,4.49,2 ,2.25,20.0,150.0,1.0,0.0,0.0,0.0,32.0,1.0,3.0,0.0,0.0,0.0,0.0
7117,Coborns Creamy Fruit Salad - Party Size - 8 lb.,25.99,6.0 ,4.33,0.0,0.0,0.0,0.0,0.0,0.0,0.0,0.0,0.0,0.0,0.0,0.0,0.0
7126,Fresh Fruit Bowl Group / Party Size,24.99,5.5 ,4.17,0.0,0.0,0.0,0.0,0.0,0.0,0.0,0.0,0.0,0.0,0.0,0.0,0.0
7127,Fresh Fruit Tray,24.99,5.75 ,4.17,0.0,0.0,0.0,0.0,0.0,0.0,0.0,0.0,0.0,0.0,0.0,0.0,0.0
7166,Dr. Elseys Ultra Precious Cat Litter,17.49,40 ,0.44,0.0,0.0,0.0,0.0,0.0,0.0,0.0,0.0,0.0,0.0,0.0,0.0,0.0
7203,Morton Fast Action Ice Melt,6.99,25 ,0.28,0.0,0.0,0.0,0.0,0.0,0.0,0.0,0.0,0.0,0.0,0.0,0.0,0.0
7207,OXI Clean Versatile Stain Remover,7.99,3 ,2.66,0.0,0.0,0.0,0.0,0.0,0.0,0.0,0.0,0.0,0.0,0.0,0.0,0.0
7208,Oxi Clean Free Versatile Stain Remover,7.99,3,2.66,0.0,0.0,0.0,0.0,0.0,0.0,0.0,0.0,0.0,0.0,0.0,0.0,0.0
7222,Purina Friskies Gravy Pleasers Variety Pack Canned Cat Food - 24 ct.,15.99,8.25 ,2.00,0.0,0.0,0.0,0.0,0.0,0.0,0.0,0.0,0.0,0.0,0.0,0.0,0.0
7225,Purina Tidy Cats 24/7 Performance for Multiple Cats Clumping Cat Litter,16.99,35 ,0.49,0.0,0.0,0.0,0.0,0.0,0.0,0.0,0.0,0.0,0.0,0.0,0.0,0.0
7250,Tidy Cats Instant Action Clumping Cat Litter,16.99,35 ,0.49,0.0,0.0,0.0,0.0,0.0,0.0,0.0,0.0,0.0,0.0,0.0,0.0,0.0
7275,Fresh Vegetable Tray,15.99,3.25 ,5.33,0.0,0.0,0.0,0.0,0.0,0.0,0.0,0.0,0.0,0.0,0.0,0.0,0.0
7301,Kadejan Fresh Turkey - All Natural Free Range 12-14 lb,39.99,13 ,3.08,0.0,0.0,0.0,0.0,0.0,0.0,0.0,0.0,0.0,0.0,0.0,0.0,0.0
7302,Sliced Shingled Beef Liver,3.39,1.0 ,3.39,0.0,0.0,0.0,0.0,0.0,0.0,0.0,0.0,0.0,0.0,0.0,0.0,0.0
7382,Crazy Fresh Taco Dip Tray,7.99,1.0 ,7.99,0.0,0.0,0.0,0.0,0.0,0.0,0.0,0.0,0.0,0.0,0.0,0.0,0.0
7390,Cal-Organic Farms Organic Rainbow Carrots,3.99,2 ,2.00,0.0,0.0,0.0,0.0,0.0,0.0,0.0,0.0,0.0,0.0,0.0,0.0,0.0
7436,Organic Braeburn Apples - 2 lb Bag,7.49,2 ,3.75,0.0,0.0,0.0,0.0,0.0,0.0,0.0,0.0,0.0,0.0,0.0,0.0,0.0
7439,Organic Gala Apples - 2 lb Bag,7.49,2.0 ,3.75,0.0,0.0,0.0,0.0,0.0,0.0,0.0,0.0,0.0,0.0,0.0,0.0,0.0
7440,Organic Granny Apples - 2 lb Bag,7.49,2.0 ,3.75,0.0,0.0,0.0,0.0,0.0,0.0,0.0,0.0,0.0,0.0,0.0,0.0,0.0
7450,Arctic Glacier Premium Ice Cubes,1.69,5.0 ,0.34,0.0,0.0,0.0,0.0,0.0,0.0,0.0,0.0,0.0,0.0,0.0,0.0,0.0
7455,Food Club Ice Cubes - 10 Lb Bag,1.49,10.00 ,0.15,0.0,0.0,0.0,0.0,0.0,0.0,0.0,0.0,0.0,0.0,0.0,0.0,0.0
7486,Dr. Elseys Ultra Precious Cat Litter,8.49,18 ,0.47,0.0,0.0,0.0,0.0,0.0,0.0,0.0,0.0,0.0,0.0,0.0,0.0,0.0
7498,Purina Beyond Natural Grain Free Beef & Egg Dry Dog Food,27.99,13 ,2.15,0.0,0.0,0.0,0.0,0.0,0.0,0.0,0.0,0.0,0.0,0.0,0.0,0.0
7499,Purina Beyond Natural Grain Free Salmon/Egg/Sweet Potato Dry Indoor Cat Food,9.99,3 ,3.33,0.0,0.0,0.0,0.0,0.0,0.0,0.0,0.0,0.0,0.0,0.0,0.0,0.0
7505,Purina Beyond Simply 9 Natural Chicken & Whole Barley Dry Dog Food,26.99,15.5 ,1.69,0.0,0.0,0.0,0.0,0.0,0.0,0.0,0.0,0.0,0.0,0.0,0.0,0.0
7506,Purina Beyond Superfood Blend Natural Salmon/Egg/Pumpkin Dry Dog Food,26.99,14.5 ,1.80,0.0,0.0,0.0,0.0,0.0,0.0,0.0,0.0,0.0,0.0,0.0,0.0,0.0
7510,Solid Gold Hund-N-Flocken Adult Dog Food,11.99,4 ,3.00,0.0,0.0,0.0,0.0,0.0,0.0,0.0,0.0,0.0,0.0,0.0,0.0,0.0
7512,Solid Gold Hund-N-Flocken Medium & Adult Dog Food,35.99,15 ,2.40,0.0,0.0,0.0,0.0,0.0,0.0,0.0,0.0,0.0,0.0,0.0,0.0,0.0
7514,Solid Gold Just A Wee Bit Small Breed Adult Maintenance Dog Food,13.99,4 ,3.50,0.0,0.0,0.0,0.0,0.0,0.0,0.0,0.0,0.0,0.0,0.0,0.0,0.0
7611,Full Circle Rice - Organic Long Grain Basmati White,5.99,2 ,3.00,0.0,0.0,0.0,0.0,0.0,0.0,0.0,0.0,0.0,0.0,0.0,0.0,0.0
7807,Botan Calrose Extra Fancy Rice,4.49,5 ,0.90,50.0,155.0,0.0,0.0,0.0,0.0,35.0,0.0,3.0,0.0,0.0,0.0,2.0
7854,C & H Bakers Sugar,4.99,4.0 ,1.25,454.0,15.0,0.0,0.0,0.0,0.0,4.0,0.0,0.0,0.0,0.0,0.0,0.0
7855,C & H Cane Sugar Cubes,2.29,1.0 ,2.29,126.0,15.0,4.0,0.0,0.0,0.0,4.0,0.0,0.0,0.0,0.0,0.0,0.0
7856,C & H Dark Brown Sugar,3.29,2.0 ,1.65,227.0,15.0,0.0,0.0,0.0,0.0,4.0,0.0,0.0,0.0,0.0,0.0,0.0
7857,C & H Granulated Sugar - 4 lb,3.29,4.0 ,0.82,454.0,15.0,0.0,0.0,0.0,0.0,4.0,0.0,0.0,0.0,0.0,0.0,0.0
7858,C & H Pure Cane Powdered Sugar,3.29,2.0 ,1.65,30.0,120.0,0.0,0.0,0.0,0.0,30.0,0.0,0.0,0.0,0.0,0.0,0.0
7859,C & H Pure Cane Sugar - Golden Brown,3.29,2.0 ,1.65,227.0,15.0,0.0,0.0,0.0,0.0,4.0,0.0,0.0,0.0,0.0,0.0,0.0
7860,C & H Pure Cane Sugar - Washed Raw,3.87,2.0 ,1.94,227.0,15.0,0.0,0.0,0.0,0.0,4.0,0.0,0.0,0.0,0.0,0.0,0.0
8095,Crisco Butter Flavor Shortening,6.15,3.0 ,2.05,113.0,110.0,12.0,3.0,0.0,0.0,0.0,0.0,0.0,2.0,0.0,0.0,0.0
8098,Crisco Shortening,6.15,3 ,2.05,113.0,110.0,12.0,3.0,0.0,0.0,0.0,0.0,0.0,0.0,0.0,0.0,0.0
8104,Crystal Granulated Sugar,3.29,4.0 ,0.82,454.0,15.0,0.0,0.0,0.0,0.0,4.0,0.0,0.0,0.0,0.0,0.0,0.0
8105,Crystal Powdered Sugar,2.39,2 ,1.20,30.0,120.0,0.0,0.0,0.0,0.0,30.0,0.0,0.0,0.0,0.0,0.0,0.0
8106,Crystal Sugar Light Brown,2.39,2 ,1.20,227.0,15.0,0.0,0.0,0.0,0.0,4.0,0.0,0.0,0.0,0.0,0.0,0.0
8116,Dakota Maid Stone Ground Whole Wheat Flour,3.99,5 ,0.80,75.0,100.0,0.3,0.0,0.0,5.0,21.0,2.0,4.0,0.0,0.0,0.0,4.0
8117,Dakota Maid Unbleached All Purpose Flour,3.99,5 ,0.80,75.0,100.0,0.0,0.0,0.0,0.0,22.0,1.0,4.0,0.0,0.0,0.0,6.0
8249,Food Club All Purpose Flour 5 Lb Bag,2.49,5 ,0.50,75.0,100.0,0.0,0.0,0.0,0.0,22.0,1.0,3.0,0.0,0.0,0.0,6.0
8269,Food Club Black Beans,1.83,1 ,1.83,12.0,70.0,0.0,0.0,0.0,20.0,23.0,15.0,9.0,0.0,0.0,4.0,15.0
8338,Food Club Dark Brown Sugar,1.89,2 ,0.94,227.0,15.0,0.0,0.0,0.0,0.0,4.0,0.0,0.0,0.0,0.0,0.0,0.0
8355,Food Club Dry Great Northern Beans,1.85,1 ,1.85,13.0,70.0,0.0,0.0,0.0,20.0,22.0,13.0,8.0,0.0,0.0,6.0,8.0
8356,Food Club Dry Lentils Beans,1.83,1 ,1.83,14.0,70.0,0.0,0.0,0.0,5.0,19.0,9.0,8.0,0.0,0.0,0.0,15.0
8357,Food Club Dry Navy Beans,1.87,1 ,1.87,12.0,80.0,0.0,0.0,0.0,15.0,23.0,12.0,8.0,0.0,0.0,6.0,15.0
8358,Food Club Dry Pinto Beans,1.83,1 ,1.83,13.0,60.0,0.0,0.0,0.0,15.0,22.0,14.0,7.0,0.0,0.0,4.0,15.0
8359,Food Club Dry Red Kidney Beans,1.93,1 ,1.93,12.0,70.0,0.0,0.0,0.0,20.0,22.0,14.0,9.0,0.0,0.0,2.0,8.0
8360,Food Club Dry Split Green Peas,1.93,1 ,1.93,10.0,110.0,0.0,0.0,0.0,25.0,27.0,11.0,11.0,8.0,0.0,0.0,15.0
8379,Food Club Flour - 2 lbs.,1.59,2 ,0.80,30.0,100.0,0.0,0.0,0.0,0.0,22.0,1.0,3.0,0.0,0.0,0.0,6.0
8395,Food Club Granulated Sugar,2.49,4 ,0.62,0.0,0.0,0.0,0.0,0.0,0.0,0.0,0.0,0.0,0.0,0.0,0.0,0.0
8445,Food Club Light Brown Sugar,1.89,2 ,0.94,227.0,15.0,0.0,0.0,0.0,0.0,4.0,0.0,0.0,0.0,0.0,0.0,0.0
8457,Food Club Long Grain Brown Rice,1.99,2 ,0.99,20.0,150.0,1.0,0.0,0.0,0.0,32.0,0.0,3.0,0.0,0.0,0.0,4.0
8458,Food Club Long Grain Brown Rice,1.29,1 ,1.29,10.0,150.0,1.0,0.0,0.0,0.0,32.0,0.0,3.0,0.0,0.0,0.0,4.0
8459,Food Club Long Grain Rice,3.99,5 ,0.80,50.0,150.0,0.0,0.0,0.0,0.0,35.0,1.0,3.0,0.0,0.0,0.0,8.0
8460,Food Club Long Grain Rice - 2 lb.,1.99,2 ,0.99,20.0,150.0,0.0,0.0,0.0,0.0,33.0,1.0,3.0,0.0,0.0,0.0,8.0
8461,Food Club Long Grain White Rice - 1 lb.,1.29,1 ,1.29,10.0,150.0,0.0,0.0,0.0,0.0,33.0,1.0,3.0,0.0,0.0,0.0,8.0
8518,Food Club Powdered Sugar,1.89,2 ,0.94,0.0,0.0,0.0,0.0,0.0,0.0,0.0,0.0,0.0,0.0,0.0,0.0,0.0
8711,Gold Medal All-Purpose Flour,3.29,5 ,0.66,75.0,100.0,0.0,0.0,0.0,0.0,22.0,1.0,3.0,0.0,0.0,0.0,6.0
8712,Gold Medal Unbleached All Purpose Flour,3.29,5 ,0.66,75.0,100.0,0.0,0.0,0.0,0.0,22.0,1.0,3.0,0.0,0.0,0.0,6.0
8727,Goya Thai Jasmine Rice,8.27,5 ,1.65,45.0,170.0,0.0,0.0,0.0,10.0,39.0,0.0,3.0,0.0,0.0,0.0,0.0
9208,La Preferida Extra Long Grain White Rice,4.59,5.0 ,0.92,20.0,160.0,0.0,0.0,0.0,0.0,35.0,0.0,3.0,0.0,0.0,0.0,8.0
9212,La Preferida Medium Grain Rice,4.89,5.0 ,0.98,40.0,170.0,0.0,0.0,0.0,0.0,37.0,0.0,3.0,0.0,0.0,0.0,8.0
9481,Nishiki Premium Rice Brown,3.39,2 ,1.70,23.0,140.0,1.0,0.0,0.0,0.0,29.0,1.0,3.0,0.0,0.0,0.0,2.0
9555,Pillsbury Enriched Bleached All Purpose Flour,2.99,5 ,0.60,73.0,110.0,0.0,0.0,0.0,0.0,23.0,1.0,3.0,0.0,0.0,0.0,6.0
9556,Pillsbury Enriched Bread Flour,2.99,5 ,0.60,73.0,100.0,0.0,0.0,0.0,0.0,22.0,1.0,4.0,0.0,0.0,0.0,8.0
9564,Pillsbury Unbleached All Purpose Flour,2.99,5 ,0.60,78.0,100.0,0.0,0.0,0.0,0.0,21.0,0.0,3.0,0.0,0.0,0.0,6.0
9821,Sugar In the Raw Natural Cane Turbinado Sugar from Hawaii,4.99,2.0 ,2.50,227.0,15.0,0.0,0.0,0.0,0.0,4.0,0.0,0.0,0.0,0.0,0.0,0.0
10021,King Arthur Unbleached All Purpose Flour,5.75,5.0 ,1.15,76.0,110.0,0.0,0.0,0.0,0.0,22.0,1.0,4.0,0.0,0.0,0.0,8.0
10022,King Arthur White Bread Flour,5.79,5.0 ,1.16,76.0,110.0,0.0,0.0,0.0,0.0,22.0,1.0,4.0,0.0,0.0,0.0,8.0
10023,King Arthur White Whole Wheat Unbleached Flour,5.79,5 ,1.16,76.0,100.0,0.5,0.0,0.0,0.0,18.0,3.0,4.0,0.0,0.0,2.0,8.0
10024,King Arthur Whole Wheat Flour,5.79,5.0 ,1.16,76.0,110.0,0.5,0.0,0.0,0.0,21.0,4.0,4.0,0.0,0.0,0.0,2.0
10344,TopCare Epsom Salt Magnesium Sulfate,3.29,4 ,0.82,0.0,0.0,0.0,0.0,0.0,0.0,0.0,0.0,0.0,0.0,0.0,0.0,0.0
10415,Arm & Hammer Extra Strength Multi-Cat Litter,12.99,28 ,0.46,0.0,0.0,0.0,0.0,0.0,0.0,0.0,0.0,0.0,0.0,0.0,0.0,0.0
10416,Arm & Hammer Fragrance Free Super Scoop Baking Soda Clumping Cat Litter,7.69,14 ,0.55,0.0,0.0,0.0,0.0,0.0,0.0,0.0,0.0,0.0,0.0,0.0,0.0,0.0
10419,Audubon Park Critter Crunch Wild Animal Food,3.79,5 ,0.76,0.0,0.0,0.0,0.0,0.0,0.0,0.0,0.0,0.0,0.0,0.0,0.0,0.0
10420,Audubon Park Fruit & Nut Bird Food,4.69,5 ,0.94,0.0,0.0,0.0,0.0,0.0,0.0,0.0,0.0,0.0,0.0,0.0,0.0,0.0
10421,Audubon Park Songbird and Cardinal Blend,5.43,4 ,1.36,0.0,0.0,0.0,0.0,0.0,0.0,0.0,0.0,0.0,0.0,0.0,0.0,0.0
10422,Audubon Park Wild Bird Food,7.97,20 ,0.40,0.0,0.0,0.0,0.0,0.0,0.0,0.0,0.0,0.0,0.0,0.0,0.0,0.0
10457,Fresh Step Fabreze Multi Cat Clumping Litter,11.89,20 ,0.59,0.0,0.0,0.0,0.0,0.0,0.0,0.0,0.0,0.0,0.0,0.0,0.0,0.0
10458,Fresh Step Odor Shield Scoopable Unscented Cat Litter,10.59,20 ,0.53,0.0,0.0,0.0,0.0,0.0,0.0,0.0,0.0,0.0,0.0,0.0,0.0,0.0
10459,Fresh Step Scoopable Clumping Cat Litter,8.99,14.0 ,0.64,0.0,0.0,0.0,0.0,0.0,0.0,0.0,0.0,0.0,0.0,0.0,0.0,0.0
10479,IAMS Cat Mature Adult Dry Food,14.59,5.7 ,2.43,0.0,0.0,0.0,0.0,0.0,0.0,0.0,0.0,0.0,0.0,0.0,0.0,0.0
10480,IAMS Large Breed Dry Dog Food,18.99,15 ,1.27,0.0,0.0,0.0,0.0,0.0,0.0,0.0,0.0,0.0,0.0,0.0,0.0,0.0
10482,Iams Chunks Dog Food,18.99,15 ,1.27,0.0,0.0,0.0,0.0,0.0,0.0,0.0,0.0,0.0,0.0,0.0,0.0,0.0
10483,Iams Hairball Care Cat Food,14.59,7 ,2.08,0.0,0.0,0.0,0.0,0.0,0.0,0.0,0.0,0.0,0.0,0.0,0.0,0.0
10484,Iams Healthy Naturals Chicken and Barley Recipe Dog Food,18.99,13.8 ,1.36,0.0,0.0,0.0,0.0,0.0,0.0,0.0,0.0,0.0,0.0,0.0,0.0,0.0
10485,Iams Lamb and Rice Dog Food,18.99,13.3 ,1.46,0.0,0.0,0.0,0.0,0.0,0.0,0.0,0.0,0.0,0.0,0.0,0.0,0.0
10486,Iams Mini Chunks Dog Food,18.99,15 ,1.27,0.0,0.0,0.0,0.0,0.0,0.0,0.0,0.0,0.0,0.0,0.0,0.0,0.0
10488,Iams ProActive Health Indoor Weight/Hairball Care Chicken Cat Food - 7 lb,14.59,7 ,2.08,0.0,0.0,0.0,0.0,0.0,0.0,0.0,0.0,0.0,0.0,0.0,0.0,0.0
10490,Iams ProActive Healthy Adult Original Chicken Cat Food - 3.5 Lb.,7.55,3.5 ,1.89,0.0,0.0,0.0,0.0,0.0,0.0,0.0,0.0,0.0,0.0,0.0,0.0,0.0
10491,Iams Proactive Health Adult,14.59,7 ,2.08,0.0,0.0,0.0,0.0,0.0,0.0,0.0,0.0,0.0,0.0,0.0,0.0,0.0
10492,Iams Proactive Health Indoor Weight/Hairball Care Chicken Cat Food,7.55,3.5 ,1.89,0.0,0.0,0.0,0.0,0.0,0.0,0.0,0.0,0.0,0.0,0.0,0.0,0.0
10493,Iams Proactive Health Optimal Weight with Chicken Cat Food - 7 lb.,14.59,5 ,2.92,0.0,0.0,0.0,0.0,0.0,0.0,0.0,0.0,0.0,0.0,0.0,0.0,0.0
10494,Iams Proactive Maturity Dog Food,18.99,15 ,1.27,0.0,0.0,0.0,0.0,0.0,0.0,0.0,0.0,0.0,0.0,0.0,0.0,0.0
10495,Iams Weight Control Dog Food,18.99,15 ,1.27,0.0,0.0,0.0,0.0,0.0,0.0,0.0,0.0,0.0,0.0,0.0,0.0,0.0
10498,Meow Mix Bistro Recipes Grilled Salmon Flavor Cat Food,6.29,3 ,2.10,0.0,0.0,0.0,0.0,0.0,0.0,0.0,0.0,0.0,0.0,0.0,0.0,0.0
10499,Meow Mix Bistro Recipes Rotisserie Chicken Flavor Cat Food,6.29,3 ,2.10,0.0,0.0,0.0,0.0,0.0,0.0,0.0,0.0,0.0,0.0,0.0,0.0,0.0
10502,Meow Mix Original Choice Dry Cat Food,14.99,16 ,0.94,0.0,0.0,0.0,0.0,0.0,0.0,0.0,0.0,0.0,0.0,0.0,0.0,0.0
10504,Meow Mix Tender Centers Salmon & White Meat Chicken Flavors,6.29,3 ,2.10,0.0,0.0,0.0,0.0,0.0,0.0,0.0,0.0,0.0,0.0,0.0,0.0,0.0
10519,NutriSource Adult Chicken & Rice Formula Dog Food,15.99,6.6 ,2.28,0.0,0.0,0.0,0.0,0.0,0.0,0.0,0.0,0.0,0.0,0.0,0.0,0.0
10520,NutriSource Adult Chicken & Rice Formula Dog Food,48.99,33 ,1.48,0.0,0.0,0.0,0.0,0.0,0.0,0.0,0.0,0.0,0.0,0.0,0.0,0.0
10521,NutriSource Cat & Kitten Chicken & Rice Formula Cat Food,32.99,16 ,2.06,0.0,0.0,0.0,0.0,0.0,0.0,0.0,0.0,0.0,0.0,0.0,0.0,0.0
10529,NutriSource Lamb & Rice Formula Dog Food,48.99,33 ,1.48,0.0,0.0,0.0,0.0,0.0,0.0,0.0,0.0,0.0,0.0,0.0,0.0,0.0
10530,NutriSource Large Breed Adult Chicken & Rice Formula Dog Food,44.99,33 ,1.36,0.0,0.0,0.0,0.0,0.0,0.0,0.0,0.0,0.0,0.0,0.0,0.0,0.0
10531,NutriSource Large Breed Adult Lamb & Rice Dog Food,48.99,33 ,1.48,0.0,0.0,0.0,0.0,0.0,0.0,0.0,0.0,0.0,0.0,0.0,0.0,0.0
10532,NutriSource Large Breed Puppy Chicken & Rice Formula Dog Food,31.99,18 ,1.78,0.0,0.0,0.0,0.0,0.0,0.0,0.0,0.0,0.0,0.0,0.0,0.0,0.0
10533,NutriSource Senior Chicken & Rice Dog Food,48.99,30 ,1.63,0.0,0.0,0.0,0.0,0.0,0.0,0.0,0.0,0.0,0.0,0.0,0.0,0.0
10534,NutriSource Senior Weight Management Cat Food,32.99,16 ,2.06,0.0,0.0,0.0,0.0,0.0,0.0,0.0,0.0,0.0,0.0,0.0,0.0,0.0
10535,NutriSource Small & Medium Breed Puppy Dog Food,33.99,18 ,1.89,0.0,0.0,0.0,0.0,0.0,0.0,0.0,0.0,0.0,0.0,0.0,0.0,0.0
10539,NutriSource Weight Management Dog Food,48.99,30 ,1.63,0.0,0.0,0.0,0.0,0.0,0.0,0.0,0.0,0.0,0.0,0.0,0.0,0.0
10540,NutriSource Weight Management Dog Food,31.99,18 ,1.78,0.0,0.0,0.0,0.0,0.0,0.0,0.0,0.0,0.0,0.0,0.0,0.0,0.0
10542,Paws Scoopable Cat Litter,6.99,20 ,0.35,0.0,0.0,0.0,0.0,0.0,0.0,0.0,0.0,0.0,0.0,0.0,0.0,0.0
10543,Paws Scoopable Cat Litter - Scented,6.99,20 ,0.35,0.0,0.0,0.0,0.0,0.0,0.0,0.0,0.0,0.0,0.0,0.0,0.0,0.0
10544,Pedigree Adult Complete Nutrition Dry Dog Food,19.03,17 ,1.12,0.0,0.0,0.0,0.0,0.0,0.0,0.0,0.0,0.0,0.0,0.0,0.0,0.0
10562,Purina Beneful Dog Food,20.99,15.5 ,1.31,0.0,0.0,0.0,0.0,0.0,0.0,0.0,0.0,0.0,0.0,0.0,0.0,0.0
10563,Purina Beneful Healthy Weight With Real Chicken Dry Dog Food,20.99,15.5 ,1.31,0.0,0.0,0.0,0.0,0.0,0.0,0.0,0.0,0.0,0.0,0.0,0.0,0.0
10564,Purina Beneful Originals Salmon Dog Food,20.99,15.5 ,1.31,0.0,0.0,0.0,0.0,0.0,0.0,0.0,0.0,0.0,0.0,0.0,0.0,0.0
10568,Purina Cat Chow Cat Food,17.69,16 ,1.11,0.0,0.0,0.0,0.0,0.0,0.0,0.0,0.0,0.0,0.0,0.0,0.0,0.0
10569,Purina Cat Chow Indoor Formula,5.99,3.15 ,2.00,0.0,0.0,0.0,0.0,0.0,0.0,0.0,0.0,0.0,0.0,0.0,0.0,0.0
10572,Purina Dog Chow Complete Adult Dog Food,16.99,18.5 ,0.89,0.0,0.0,0.0,0.0,0.0,0.0,0.0,0.0,0.0,0.0,0.0,0.0,0.0
10573,Purina Fancy Feast Chicken & Turkey Gourmet Dry Cat Food,7.99,3 ,2.66,0.0,0.0,0.0,0.0,0.0,0.0,0.0,0.0,0.0,0.0,0.0,0.0,0.0
10576,Purina Friskies Seafood Sensations Cat Food,5.59,3.15 ,1.86,0.0,0.0,0.0,0.0,0.0,0.0,0.0,0.0,0.0,0.0,0.0,0.0,0.0
10577,Purina Friskies Seafood Sensations Dry Cat Food,13.99,16 ,0.87,0.0,0.0,0.0,0.0,0.0,0.0,0.0,0.0,0.0,0.0,0.0,0.0,0.0
10578,Purina Friskies Tender & Crunchy Combo Cat Food,5.59,3.15 ,1.86,0.0,0.0,0.0,0.0,0.0,0.0,0.0,0.0,0.0,0.0,0.0,0.0,0.0
10580,Purina Healthy Life Nutrition Dog Food,21.99,36 ,0.61,0.0,0.0,0.0,0.0,0.0,0.0,0.0,0.0,0.0,0.0,0.0,0.0,0.0
10581,Purina Kit & Kaboodle Cat Food,4.99,3.15 ,1.66,0.0,0.0,0.0,0.0,0.0,0.0,0.0,0.0,0.0,0.0,0.0,0.0,0.0
10582,Purina One Beyond Chicken & Whole Oat Meal Recipe Adult Cat Food,8.99,3 ,3.00,0.0,0.0,0.0,0.0,0.0,0.0,0.0,0.0,0.0,0.0,0.0,0.0,0.0
10583,Purina One Beyond Salmon & Whole Brown Rice Recipe Adult Cat Food,8.99,3 ,3.00,0.0,0.0,0.0,0.0,0.0,0.0,0.0,0.0,0.0,0.0,0.0,0.0,0.0
10584,Purina One Large Breed Formula Chicken Adult Dog Food,21.99,16.5 ,1.29,0.0,0.0,0.0,0.0,0.0,0.0,0.0,0.0,0.0,0.0,0.0,0.0,0.0
10585,Purina One Smart Blend Healthy Kitten Formula Cat Food,8.79,3.5 ,2.20,0.0,0.0,0.0,0.0,0.0,0.0,0.0,0.0,0.0,0.0,0.0,0.0,0.0
10586,Purina One Smart Blend Healthy Weight Formula Adult Dog Food,21.99,16.5 ,1.29,0.0,0.0,0.0,0.0,0.0,0.0,0.0,0.0,0.0,0.0,0.0,0.0,0.0
10587,Purina One Smart Blend Lamb & Rice Formula Adult Dog Food,21.99,16.5 ,1.29,0.0,0.0,0.0,0.0,0.0,0.0,0.0,0.0,0.0,0.0,0.0,0.0,0.0
10588,Purina One Smart Blend True Instinct Dog Food,21.99,15 ,1.47,0.0,0.0,0.0,0.0,0.0,0.0,0.0,0.0,0.0,0.0,0.0,0.0,0.0
10589,Purina One SmartBlend Chicken & Rice Formula Adult Dog Food,38.89,31.1 ,1.25,0.0,0.0,0.0,0.0,0.0,0.0,0.0,0.0,0.0,0.0,0.0,0.0,0.0
10590,Purina One SmartBlend Hairball Formula Adult Cat Food,16.69,7.0 ,2.38,0.0,0.0,0.0,0.0,0.0,0.0,0.0,0.0,0.0,0.0,0.0,0.0,0.0
10591,Purina One SmartBlend Lamb & Rice Formula Adult Dog Food,38.89,31.1 ,1.25,0.0,0.0,0.0,0.0,0.0,0.0,0.0,0.0,0.0,0.0,0.0,0.0,0.0
10592,Purina One Smartblend Chicken & Rice Formula Dog Food,21.99,16.5 ,1.29,0.0,0.0,0.0,0.0,0.0,0.0,0.0,0.0,0.0,0.0,0.0,0.0,0.0
10593,Purina One Urinary Tract Formula Adult Cat Food,16.69,7.0 ,2.38,0.0,0.0,0.0,0.0,0.0,0.0,0.0,0.0,0.0,0.0,0.0,0.0,0.0
10596,Purina Tidy Cats Clumping Instant Action Multiple Cats Litter,9.99,20.0 ,0.50,0.0,0.0,0.0,0.0,0.0,0.0,0.0,0.0,0.0,0.0,0.0,0.0,0.0
10597,Purina Tidy Cats Clumping Multiple Cat Litter,9.99,20.0 ,0.50,0.0,0.0,0.0,0.0,0.0,0.0,0.0,0.0,0.0,0.0,0.0,0.0,0.0
10598,Purina Tidy Cats For Multiple Cats Instant Action Non-Clumping Clay Cat Litter,5.29,20 ,0.26,0.0,0.0,0.0,0.0,0.0,0.0,0.0,0.0,0.0,0.0,0.0,0.0,0.0
10599,Purina Tidy Cats With Glade Clumping Multiple Cats Litter,9.99,20 ,0.50,0.0,0.0,0.0,0.0,0.0,0.0,0.0,0.0,0.0,0.0,0.0,0.0,0.0
10601,Tidy Cat Glade Scoop,7.79,14 ,0.56,0.0,0.0,0.0,0.0,0.0,0.0,0.0,0.0,0.0,0.0,0.0,0.0,0.0
10602,Tidy Cats 24/7 Performance For Multiple Cats Non-Clumping Clay Cat Litter,2.79,10.0 ,0.28,0.0,0.0,0.0,0.0,0.0,0.0,0.0,0.0,0.0,0.0,0.0,0.0,0.0
10603,Tidy Cats 24/7 Performance For Multiple Cats Non-Clumping Clay Cat Litter,5.29,20 ,0.26,0.0,0.0,0.0,0.0,0.0,0.0,0.0,0.0,0.0,0.0,0.0,0.0,0.0
10604,Tidy Cats 24/7 Performance Lightweight Clumping Cat Litter,13.99,8.5 ,1.55,0.0,0.0,0.0,0.0,0.0,0.0,0.0,0.0,0.0,0.0,0.0,0.0,0.0
10612,Yesterday News 3X Plus Absorbante Cat Litter,6.99,13.2 ,0.54,0.0,0.0,0.0,0.0,0.0,0.0,0.0,0.0,0.0,0.0,0.0,0.0,0.0
10616,Cen Sea 26/30 Cooked Shrimp,16.99,1 ,16.99,5.0,60.0,0.5,0.0,120.0,490.0,0.0,0.0,14.0,0.0,0.0,4.0,2.0
10617,Cen Sea 31/40 EZ Peel All Natural Uncooked Shrimp - (Shell-On),12.99,1 ,12.99,3.0,70.0,0.5,0.0,135.0,840.0,0.0,0.0,15.0,0.0,0.0,6.0,0.0
10618,Cen Sea 31/40 Tail On Cooked Shrimp,11.99,1 ,11.99,8.0,60.0,0.5,0.0,120.0,490.0,0.0,0.0,14.0,0.0,0.0,4.0,2.0
10625,Imitation Crab Flakes,4.39,1 ,4.39,5.0,100.0,1.5,0.0,0.0,400.0,14.0,0.0,7.0,0.0,0.0,0.0,0.0
10626,Imitation Crab Legs - Frozen,4.39,1 ,4.39,5.0,100.0,1.5,0.0,5.0,400.0,14.0,0.0,7.0,0.0,0.0,0.0,0.0
